-- phpMyAdmin SQL Dump
-- version 5.2.1
-- https://www.phpmyadmin.net/
--
-- Host: 127.0.0.1
-- Generation Time: Jan 10, 2025 at 09:32 AM
-- Server version: 10.4.32-MariaDB
-- PHP Version: 8.2.12

SET SQL_MODE = "NO_AUTO_VALUE_ON_ZERO";
START TRANSACTION;
SET time_zone = "+00:00";


/*!40101 SET @OLD_CHARACTER_SET_CLIENT=@@CHARACTER_SET_CLIENT */;
/*!40101 SET @OLD_CHARACTER_SET_RESULTS=@@CHARACTER_SET_RESULTS */;
/*!40101 SET @OLD_COLLATION_CONNECTION=@@COLLATION_CONNECTION */;
/*!40101 SET NAMES utf8mb4 */;

--
-- Database: `project`
--

-- --------------------------------------------------------

--
-- Table structure for table `cache`
--

CREATE TABLE `cache` (
  `key` varchar(255) NOT NULL,
  `value` mediumtext NOT NULL,
  `expiration` int(11) NOT NULL
) ENGINE=InnoDB DEFAULT CHARSET=utf8mb4 COLLATE=utf8mb4_unicode_ci;

--
-- Dumping data for table `cache`
--

INSERT INTO `cache` (`key`, `value`, `expiration`) VALUES
('spatie.permission.cache', 'a:3:{s:5:\"alias\";a:5:{s:1:\"a\";s:2:\"id\";s:1:\"b\";s:11:\"description\";s:1:\"c\";s:4:\"name\";s:1:\"d\";s:10:\"guard_name\";s:1:\"r\";s:5:\"roles\";}s:11:\"permissions\";a:16:{i:0;a:5:{s:1:\"a\";i:1;s:1:\"b\";s:48:\"نمایش همه کاربران به ادمین\";s:1:\"c\";s:14:\"show_all_users\";s:1:\"d\";s:7:\"sanctum\";s:1:\"r\";a:1:{i:0;i:1;}}i:1;a:5:{s:1:\"a\";i:2;s:1:\"b\";s:30:\"حذف آواتار کاربر\";s:1:\"c\";s:13:\"delete_avatar\";s:1:\"d\";s:7:\"sanctum\";s:1:\"r\";a:1:{i:0;i:1;}}i:2;a:5:{s:1:\"a\";i:3;s:1:\"b\";s:34:\"ذخیره آواتار کاربر\";s:1:\"c\";s:12:\"store_avatar\";s:1:\"d\";s:7:\"sanctum\";s:1:\"r\";a:1:{i:0;i:1;}}i:3;a:5:{s:1:\"a\";i:4;s:1:\"b\";s:21:\"ایجاد کاربر\";s:1:\"c\";s:11:\"create_user\";s:1:\"d\";s:7:\"sanctum\";s:1:\"r\";a:1:{i:0;i:1;}}i:4;a:5:{s:1:\"a\";i:5;s:1:\"b\";s:32:\"تعیین وضعیت کاربر\";s:1:\"c\";s:16:\"edit_user_status\";s:1:\"d\";s:7:\"sanctum\";s:1:\"r\";a:1:{i:0;i:1;}}i:5;a:5:{s:1:\"a\";i:6;s:1:\"b\";s:41:\"نمایش اطلاعات یک کاربر\";s:1:\"c\";s:9:\"show_user\";s:1:\"d\";s:7:\"sanctum\";s:1:\"r\";a:1:{i:0;i:1;}}i:6;a:5:{s:1:\"a\";i:7;s:1:\"b\";s:22:\"حذف یک کاربر\";s:1:\"c\";s:11:\"delete_user\";s:1:\"d\";s:7:\"sanctum\";s:1:\"r\";a:1:{i:0;i:1;}}i:7;a:5:{s:1:\"a\";i:8;s:1:\"b\";s:43:\"ویرایش اطلاعات یک کاربر\";s:1:\"c\";s:9:\"edit_user\";s:1:\"d\";s:7:\"sanctum\";s:1:\"r\";a:1:{i:0;i:1;}}i:8;a:5:{s:1:\"a\";i:9;s:1:\"b\";s:35:\"نمایش نقش های موجود\";s:1:\"c\";s:10:\"show_roles\";s:1:\"d\";s:7:\"sanctum\";s:1:\"r\";a:1:{i:0;i:1;}}i:9;a:5:{s:1:\"a\";i:10;s:1:\"b\";s:22:\"ایجاد یک نقش\";s:1:\"c\";s:11:\"create_role\";s:1:\"d\";s:7:\"sanctum\";s:1:\"r\";a:1:{i:0;i:1;}}i:10;a:5:{s:1:\"a\";i:11;s:1:\"b\";s:40:\"نمایش نقش های یک کاربر\";s:1:\"c\";s:15:\"show_user_roles\";s:1:\"d\";s:7:\"sanctum\";s:1:\"r\";a:1:{i:0;i:1;}}i:11;a:5:{s:1:\"a\";i:12;s:1:\"b\";s:36:\"حذف نقش های یک کاربر\";s:1:\"c\";s:17:\"delete_user_roles\";s:1:\"d\";s:7:\"sanctum\";s:1:\"r\";a:1:{i:0;i:1;}}i:12;a:5:{s:1:\"a\";i:13;s:1:\"b\";s:61:\"ویرایش یک نقش به همراه مجوز های آن\";s:1:\"c\";s:9:\"edit_role\";s:1:\"d\";s:7:\"sanctum\";s:1:\"r\";a:1:{i:0;i:1;}}i:13;a:5:{s:1:\"a\";i:14;s:1:\"b\";s:37:\"نمایش مجوز های موجود\";s:1:\"c\";s:16:\"show_permissions\";s:1:\"d\";s:7:\"sanctum\";s:1:\"r\";a:1:{i:0;i:1;}}i:14;a:5:{s:1:\"a\";i:15;s:1:\"b\";s:35:\"اختصاص نقش به کاربر\";s:1:\"c\";s:16:\"assign_user_role\";s:1:\"d\";s:7:\"sanctum\";s:1:\"r\";a:1:{i:0;i:1;}}i:15;a:5:{s:1:\"a\";i:16;s:1:\"b\";s:13:\"حذف نقش\";s:1:\"c\";s:11:\"delete_role\";s:1:\"d\";s:7:\"sanctum\";s:1:\"r\";a:1:{i:0;i:1;}}}s:5:\"roles\";a:1:{i:0;a:4:{s:1:\"a\";i:1;s:1:\"c\";s:5:\"admin\";s:1:\"b\";s:59:\"می تواند پنل ادمین را مدیریت کند.\";s:1:\"d\";s:7:\"sanctum\";}}}', 1736517865);

-- --------------------------------------------------------

--
-- Table structure for table `cache_locks`
--

CREATE TABLE `cache_locks` (
  `key` varchar(255) NOT NULL,
  `owner` varchar(255) NOT NULL,
  `expiration` int(11) NOT NULL
) ENGINE=InnoDB DEFAULT CHARSET=utf8mb4 COLLATE=utf8mb4_unicode_ci;

-- --------------------------------------------------------

--
-- Table structure for table `cities`
--

CREATE TABLE `cities` (
  `id` int(11) NOT NULL,
  `name` varchar(255) NOT NULL,
  `province_id` int(11) NOT NULL
) ENGINE=InnoDB DEFAULT CHARSET=utf8mb4 COLLATE=utf8mb4_general_ci;

--
-- Dumping data for table `cities`
--

INSERT INTO `cities` (`id`, `name`, `province_id`) VALUES
(1, 'آب بر', 14),
(2, 'آب پخش', 7),
(3, 'آباد', 7),
(4, 'آبادان', 13),
(5, 'آبادان 1', 13),
(6, 'آبادان 2', 13),
(7, 'آبادان 3', 13),
(8, 'آباده', 17),
(9, 'آباده طشک', 17),
(10, 'آبدان', 7),
(11, 'آبدانان', 6),
(12, 'آبژدان', 13),
(13, 'آبسرد', 8),
(14, 'آبش احمد', 1),
(15, 'آبعلی', 8),
(16, 'آبگرم', 18),
(17, 'آبی بیگلو', 3),
(18, 'آبیز', 10),
(19, 'آبیک', 18),
(20, 'آجین', 30),
(21, 'آذرشهر', 1),
(22, 'آرادان', 15),
(23, 'آراللو', 3),
(24, 'آران وبیدگل', 4),
(25, 'آرمرده', 20),
(26, 'آرین شهر', 10),
(27, 'آزادشهر', 24),
(28, 'آزادی', 13),
(29, 'آسارا', 5),
(30, 'آستارا', 25),
(31, 'آستانه', 28),
(32, 'آستانه اشرفیه', 25),
(33, 'آسمان آباد', 6),
(34, 'آشار', 16),
(35, 'آشتیان', 28),
(36, 'آشخانه', 12),
(37, 'آغاجاری', 13),
(38, 'آق قلا', 24),
(39, 'آقکند', 1),
(40, 'آلاشت', 27),
(41, 'آلونی', 9),
(42, 'آمل', 27),
(43, 'آوا', 12),
(44, 'آواجیق', 2),
(45, 'آوج', 18),
(46, 'آوه', 28),
(47, 'آیسک', 10),
(48, 'ابرکوه', 31),
(49, 'ابریشم', 4),
(50, 'ابوحمیظه', 13),
(51, 'ابوزیدآباد', 4),
(52, 'ابوموسی', 29),
(53, 'ابهر', 14),
(54, 'اچاچی', 1),
(55, 'احمد آباد مستوفی', 8),
(56, 'احمدآباد', 31),
(57, 'احمدابادصولت', 11),
(58, 'احمدسرگوراب', 25),
(59, 'اختیارآباد', 21),
(60, 'ادیمی', 16),
(61, 'اراک', 28),
(62, 'اراک 1', 28),
(63, 'اراک 2', 28),
(64, 'اراک 3', 28),
(65, 'اراک 4', 28),
(66, 'اراک 5', 28),
(67, 'اربطان', 1),
(68, 'ارجمند', 8),
(69, 'ارد', 17),
(70, 'ارداق', 18),
(71, 'اردبیل', 3),
(72, 'اردبیل 1', 3),
(73, 'اردبیل 2', 3),
(74, 'اردبیل 3', 3),
(75, 'اردبیل 4', 3),
(76, 'اردبیل 5', 3),
(77, 'اردستان', 4),
(78, 'اردکان', 17),
(79, 'اردکان', 31),
(80, 'اردل', 9),
(81, 'اردیموسی', 3),
(82, 'ارزوییه', 21),
(83, 'ارسک', 10),
(84, 'ارسنجان', 17),
(85, 'ارطه', 27),
(86, 'ارکواز', 6),
(87, 'ارمغانخانه', 14),
(88, 'ارومیه', 2),
(89, 'ارومیه  5', 2),
(90, 'ارومیه 1', 2),
(91, 'ارومیه 2', 2),
(92, 'ارومیه 3', 2),
(93, 'ارومیه 4', 2),
(94, 'اروندکنار', 13),
(95, 'ازگله', 22),
(96, 'ازنا', 26),
(97, 'ازندریان', 30),
(98, 'اژیه', 4),
(99, 'اسالم', 25),
(100, 'اسپکه', 16),
(101, 'استهبان', 17),
(102, 'اسدآباد', 30),
(103, 'اسدیه', 10),
(104, 'اسفدن', 10),
(105, 'اسفراین', 12),
(106, 'اسفرورین', 18),
(107, 'اسکو', 1),
(108, 'اسلام آبادغرب', 22),
(109, 'اسلام اباد', 3),
(110, 'اسلام شهر آق گل', 30),
(111, 'اسلام شهر1', 8),
(112, 'اسلام شهر2', 8),
(113, 'اسلام شهر3', 8),
(114, 'اسلامشهر', 8),
(115, 'اسلامیه', 10),
(116, 'اسماعیل آباد', 16),
(117, 'اسیر', 17),
(118, 'اشترینان', 26),
(119, 'اشتهارد', 5),
(120, 'اشکذر', 31),
(121, 'اشکنان', 17),
(122, 'اشنویه', 2),
(123, 'اصغرآباد', 4),
(124, 'اصفهان', 4),
(125, 'اصفهان 1', 4),
(126, 'اصفهان 10', 4),
(127, 'اصفهان 11', 4),
(128, 'اصفهان 12', 4),
(129, 'اصفهان 13', 4),
(130, 'اصفهان 14', 4),
(131, 'اصفهان 15', 4),
(132, 'اصفهان 2', 4),
(133, 'اصفهان 3', 4),
(134, 'اصفهان 4', 4),
(135, 'اصفهان 5', 4),
(136, 'اصفهان 6', 4),
(137, 'اصفهان 7', 4),
(138, 'اصفهان 8', 4),
(139, 'اصفهان 9', 4),
(140, 'اصلاندوز', 3),
(141, 'اطاقور', 25),
(142, 'افزر', 17),
(143, 'افوس', 4),
(144, 'اقبالیه', 18),
(145, 'اقلید', 17),
(146, 'الشتر', 26),
(147, 'النی', 3),
(148, 'الوان', 13),
(149, 'الوند', 18),
(150, 'الهایی', 13),
(151, 'الیگودرز', 26),
(152, 'امام حسن', 7),
(153, 'امام شهر', 17),
(154, 'امامزاده عبدالله', 27),
(155, 'املش', 25),
(156, 'امیدیه', 13),
(157, 'امیرکلا', 27),
(158, 'امیریه', 15),
(159, 'امین شهر', 21),
(160, 'انابد', 11),
(161, 'انار', 21),
(162, 'انارستان', 7),
(163, 'انارک', 4),
(164, 'انبارآلوم', 24),
(165, 'اندوهجرد', 21),
(166, 'اندیشه', 8),
(167, 'اندیمشک', 13),
(168, 'اورامان تخت', 20),
(169, 'اوز', 17),
(170, 'اهر', 1),
(171, 'اهرم', 7),
(172, 'اهل', 17),
(173, 'اهواز', 13),
(174, 'اهواز1', 13),
(175, 'اهواز2', 13),
(176, 'اهواز3', 13),
(177, 'اهواز4', 13),
(178, 'اهواز5', 13),
(179, 'اهواز6', 13),
(180, 'اهواز7', 13),
(181, 'اهواز8', 13),
(182, 'ایج', 17),
(183, 'ایذه', 13),
(184, 'ایرانشهر', 16),
(185, 'ایزدخواست', 17),
(186, 'ایزدشهر', 27),
(187, 'ایلام', 6),
(188, 'ایلخچی', 1),
(189, 'ایمانشهر', 4),
(190, 'اینچه برون', 24),
(191, 'ایوان', 6),
(192, 'ایوانکی', 15),
(193, 'ایواوغلی', 2),
(194, 'ایور', 12),
(195, 'باب انار', 17),
(196, 'باباحیدر', 9),
(197, 'بابارشانی', 20),
(198, 'بابامنیر', 17),
(199, 'بابکان', 27),
(200, 'بابل', 27),
(201, 'بابل 1', 27),
(202, 'بابل 2', 27),
(203, 'بابلسر', 27),
(204, 'باجگیران', 11),
(205, 'باخرز', 11),
(206, 'بادرود', 4),
(207, 'بادوله', 7),
(208, 'بار', 11),
(209, 'باروق', 2),
(210, 'بازار جمعه', 25),
(211, 'بازرگان', 2),
(212, 'بازفت', 9),
(213, 'باسمنج', 1),
(214, 'باشت', 23),
(215, 'باغ بهادران', 4),
(216, 'باغ ملک', 13),
(217, 'باغستان', 8),
(218, 'باغشاد', 4),
(219, 'باغین', 21),
(220, 'بافت', 21),
(221, 'بافران', 4),
(222, 'بافق', 31),
(223, 'باقرشهر', 8),
(224, 'بالاده', 17),
(225, 'بالاشهر', 29),
(226, 'بانوره', 22),
(227, 'بانه', 20),
(228, 'بایک', 11),
(229, 'باینگان', 22),
(230, 'بجستان', 11),
(231, 'بجنورد', 12),
(232, 'بجنورد1', 12),
(233, 'بجنورد2', 12),
(234, 'بخ', 31),
(235, 'بخشایش', 1),
(236, 'بدره', 6),
(237, 'برازجان', 7),
(238, 'بردخون', 7),
(239, 'بردستان', 7),
(240, 'بردسکن', 11),
(241, 'بردسیر', 21),
(242, 'برده رشه', 20),
(243, 'برزک', 4),
(244, 'برزول', 30),
(245, 'برف انبار', 4),
(246, 'بروات', 21),
(247, 'بروجرد', 26),
(248, 'بروجرد1', 26),
(249, 'بروجرد2', 26),
(250, 'بروجن', 9),
(251, 'بره سر', 25),
(252, 'بزمان', 16),
(253, 'بزنجان', 21),
(254, 'بستان', 13),
(255, 'بستان آباد', 1),
(256, 'بستک', 29),
(257, 'بسطام', 15),
(258, 'بشرویه', 10),
(259, 'بفروییه', 31),
(260, 'بلاوه', 6),
(261, 'بلبان آباد', 20),
(262, 'بلداجی', 9),
(263, 'بلده', 27),
(264, 'بلورد', 21),
(265, 'بلوک', 21),
(266, 'بم', 21),
(267, 'بمپور', 16),
(268, 'بن', 9),
(269, 'بناب', 1),
(270, 'بناب مرند', 1),
(271, 'بنارویه', 17),
(272, 'بنت', 16),
(273, 'بنجار', 16),
(274, 'بندرامام خمینی', 13),
(275, 'بندرانزلی', 25),
(276, 'بندرانزلی 1', 25),
(277, 'بندرانزلی 2', 25),
(278, 'بندرترکمن', 24),
(279, 'بندرجاسک', 29),
(280, 'بندردیر', 7),
(281, 'بندردیلم', 7),
(282, 'بندرریگ', 7),
(283, 'بندرعباس', 29),
(284, 'بندرعباس 1', 29),
(285, 'بندرعباس 2', 29),
(286, 'بندرعباس 3', 29),
(287, 'بندرکنگان', 7),
(288, 'بندرگز', 24),
(289, 'بندرگناوه', 7),
(290, 'بندرلنگه', 29),
(291, 'بندرماهشهر', 13),
(292, 'بندزرک', 29),
(293, 'بنک', 7),
(294, 'بوانات', 17),
(295, 'بوستان', 23),
(296, 'بوشکان', 7),
(297, 'بوشهر', 7),
(298, 'بوشهر1', 7),
(299, 'بوشهر2', 7),
(300, 'بوکان', 2),
(301, 'بومهن', 8),
(302, 'بویین زهرا', 18),
(303, 'بویین سفلی', 20),
(304, 'بویین ومیاندشت', 4),
(305, 'بهاباد', 31),
(306, 'بهار', 30),
(307, 'بهاران شهر', 4),
(308, 'بهارستان', 4),
(309, 'بهارستان', 7),
(310, 'بهبهان', 13),
(311, 'بهرمان', 21),
(312, 'بهشهر', 27),
(313, 'بهمن', 17),
(314, 'بهنمیر', 27),
(315, 'بیارجمند', 15),
(316, 'بیجار', 20),
(317, 'بیدخت', 11),
(318, 'بیدخون', 7),
(319, 'بیدروبه', 13),
(320, 'بیدستان', 18),
(321, 'بیده', 4),
(322, 'بیران شهر', 26),
(323, 'بیرجند', 10),
(324, 'بیرجند1', 10),
(325, 'بیرجند2', 10),
(326, 'بیرم', 17),
(327, 'بیستون', 22),
(328, 'بیضا', 17),
(329, 'بیکاء', 29),
(330, 'بیله سوار', 3),
(331, 'پاتاوه', 23),
(332, 'پارس آباد', 3),
(333, 'پارسیان', 29),
(334, 'پارود', 16),
(335, 'پاریز', 21),
(336, 'پاکدشت', 8),
(337, 'پاوه', 22),
(338, 'پایین هولار', 27),
(339, 'پردنجان', 9),
(340, 'پردیس', 8),
(341, 'پرند', 8),
(342, 'پرندک', 28),
(343, 'پره سر', 25),
(344, 'پل', 29),
(345, 'پل سفید', 27),
(346, 'پلان', 16),
(347, 'پلدختر', 26),
(348, 'پلدشت', 2),
(349, 'پلنگ آباد', 5),
(350, 'پول', 27),
(351, 'پهله', 6),
(352, 'پیرانشهر', 2),
(353, 'پیربکران', 4),
(354, 'پیرتاج', 20),
(355, 'پیش قلعه', 12),
(356, 'پیشوا', 8),
(357, 'پیشین', 16),
(358, 'تاتارعلیا', 24),
(359, 'تازه آباد', 22),
(360, 'تازه شهر', 2),
(361, 'تازه کندانگوت', 3),
(362, 'تازه کندنصرت آباد', 2),
(363, 'تازیان پایین', 29),
(364, 'تاکستان', 18),
(365, 'تایباد', 11),
(366, 'تبریز', 1),
(367, 'تبریز 10', 1),
(368, 'تبریز 9', 1),
(369, 'تبریز1-', 1),
(370, 'تبریز2-', 1),
(371, 'تبریز3-', 1),
(372, 'تبریز4-', 1),
(373, 'تبریز5', 1),
(374, 'تبریز6', 1),
(375, 'تبریز7', 1),
(376, 'تبریز8', 1),
(377, 'تجریش', 8),
(378, 'تخت', 29),
(379, 'تربت جام', 11),
(380, 'تربت حیدریه', 11),
(381, 'ترک', 1),
(382, 'ترکالکی', 13),
(383, 'ترکمانچای', 1),
(384, 'تسوج', 1),
(385, 'تشان', 13),
(386, 'تفت', 31),
(387, 'تفرش', 28),
(388, 'تکاب', 2),
(389, 'تلخاب', 28),
(390, 'تنکابن', 27),
(391, 'تنکمان', 5),
(392, 'تنگ ارم', 7),
(393, 'توپ آغاج', 20),
(394, 'توتکابن', 25),
(395, 'توحید', 6),
(396, 'تودشک', 4),
(397, 'توره', 28),
(398, 'تویسرکان', 30),
(399, 'تهران', 8),
(400, 'تهران 1', 8),
(401, 'تهران 10', 8),
(402, 'تهران 11', 8),
(403, 'تهران 12', 8),
(404, 'تهران 13', 8),
(405, 'تهران 14', 8),
(406, 'تهران 15', 8),
(407, 'تهران 16', 8),
(408, 'تهران 17', 8),
(409, 'تهران 18', 8),
(410, 'تهران 19', 8),
(411, 'تهران 2', 8),
(412, 'تهران 20', 8),
(413, 'تهران 21', 8),
(414, 'تهران 22', 8),
(415, 'تهران 3', 8),
(416, 'تهران 4', 8),
(417, 'تهران 5', 8),
(418, 'تهران 6', 8),
(419, 'تهران 7', 8),
(420, 'تهران 8', 8),
(421, 'تهران 9', 8),
(422, 'تیتکانلو', 12),
(423, 'تیران', 4),
(424, 'تیرور', 29),
(425, 'تیکمه داش', 1),
(426, 'تیمورلو', 1),
(427, 'ثمرین', 3),
(428, 'جاجرم', 12),
(429, 'جالق', 16),
(430, 'جاورسیان', 28),
(431, 'جایزان', 13),
(432, 'جبالبارز', 21),
(433, 'جزینک', 16),
(434, 'جعفرآباد', 3),
(435, 'جعفراباد', 6),
(436, 'جعفریه', 19),
(437, 'جغتای', 11),
(438, 'جلفا', 1),
(439, 'جلین', 24),
(440, 'جم', 7),
(441, 'جناح', 29),
(442, 'جنت شهر', 17),
(443, 'جنت مکان', 13),
(444, 'جندق', 4),
(445, 'جنگل', 11),
(446, 'جوادآباد', 8),
(447, 'جوادیه الهیه', 21),
(448, 'جوان قلعه', 1),
(449, 'جوانرود', 22),
(450, 'جوپار', 21),
(451, 'جورقان', 30),
(452, 'جوزدان', 4),
(453, 'جوزم', 21),
(454, 'جوشقان قالی', 4),
(455, 'جوکار', 30),
(456, 'جولکی', 13),
(457, 'جونقان', 9),
(458, 'جویبار', 27),
(459, 'جویم', 17),
(460, 'جهرم', 17),
(461, 'جیرفت', 21),
(462, 'جیرنده', 25),
(463, 'چابکسر', 25),
(464, 'چاپشلو', 11),
(465, 'چادگان', 4),
(466, 'چارک', 29),
(467, 'چاف و چمخاله', 25),
(468, 'چالانچولان', 26),
(469, 'چالوس', 27),
(470, 'چاه بهار', 16),
(471, 'چاه دادخدا', 21),
(472, 'چاه مبارک', 7),
(473, 'چاه ورز', 17),
(474, 'چترود', 21),
(475, 'چخماق', 11),
(476, 'چرام', 23),
(477, 'چرمهین', 4),
(478, 'چشمه شیرین', 6),
(479, 'چغادک', 7),
(480, 'چغامیش', 13),
(481, 'چقابل', 26),
(482, 'چکنه', 11),
(483, 'چگرد', 16),
(484, 'چلگرد', 9),
(485, 'چلیچه', 9),
(486, 'چم پلک', 26),
(487, 'چم گلک', 13),
(488, 'چمران', 13),
(489, 'چمستان', 27),
(490, 'چمگردان', 4),
(491, 'چمن سلطان', 26),
(492, 'چناران', 11),
(493, 'چناران شهر', 12),
(494, 'چناره', 20),
(495, 'چوار', 6),
(496, 'چوبر', 25),
(497, 'چورزق', 14),
(498, 'چویبده', 13),
(499, 'چهارباغ', 5),
(500, 'چهاربرج', 2),
(501, 'چهاردانگه', 8),
(502, 'چیتاب', 23),
(503, 'حاجی آباد', 10),
(504, 'حاجی آباد', 17),
(505, 'حاجی اباد', 29),
(506, 'حاجیلار', 2),
(507, 'حبیب آباد', 4),
(508, 'حر', 13),
(509, 'حسامی', 17),
(510, 'حسن آباد', 8),
(511, 'حسن اباد', 4),
(512, 'حسن اباد', 17),
(513, 'حسین آباد', 20),
(514, 'حسینیه', 13),
(515, 'حصارگرمخان', 12),
(516, 'حکم اباد', 11),
(517, 'حلب', 14),
(518, 'حمزه', 13),
(519, 'حمیدیا', 31),
(520, 'حمیدیه', 13),
(521, 'حمیل', 22),
(522, 'حنا', 4),
(523, 'حویق', 25),
(524, 'خاتون اباد', 21),
(525, 'خارک', 7),
(526, 'خاروانا', 1),
(527, 'خاش', 16),
(528, 'خاکعلی', 18),
(529, 'خالدآباد', 4),
(530, 'خامنه', 1),
(531, 'خان ببین', 24),
(532, 'خانوک', 21),
(533, 'خانه زنیان', 17),
(534, 'خانیمن', 17),
(535, 'خاوران', 17),
(536, 'خداجو(خراجو)', 1),
(537, 'خرامه', 17),
(538, 'خرم آباد', 26),
(539, 'خرم آباد', 27),
(540, 'خرم آباد1', 26),
(541, 'خرم آباد2', 26),
(542, 'خرم آباد3', 26),
(543, 'خرمدره', 14),
(544, 'خرمدشت', 18),
(545, 'خرمشهر', 13),
(546, 'خرو', 11),
(547, 'خسروشاه', 1),
(548, 'خشت', 17),
(549, 'خشکبیجار', 25),
(550, 'خشکرود', 28),
(551, 'خضرآباد', 31),
(552, 'خضری دشت بیاض', 10),
(553, 'خلخال', 3),
(554, 'خلیفان', 2),
(555, 'خلیل آباد', 11),
(556, 'خلیل شهر', 27),
(557, 'خمارلو', 1),
(558, 'خمام', 25),
(559, 'خمیر', 29),
(560, 'خمین', 28),
(561, 'خمینی شهر', 4),
(562, 'خنافره', 13),
(563, 'خنج', 17),
(564, 'خنجین', 28),
(565, 'خنداب', 28),
(566, 'خواجو شهر', 21),
(567, 'خواجه', 1),
(568, 'خواف', 11),
(569, 'خوانسار', 4),
(570, 'خور', 4),
(571, 'خور', 17),
(572, 'خورزوق', 4),
(573, 'خورسند', 21),
(574, 'خورموج', 7),
(575, 'خوزی', 17),
(576, 'خوسف', 10),
(577, 'خوش رودپی', 27),
(578, 'خوشه مهر', 1),
(579, 'خومه زار', 17),
(580, 'خوی', 2),
(581, 'خیراباد', 17),
(582, 'دابودشت', 27),
(583, 'داراب', 17),
(584, 'داران', 4),
(585, 'دارخوین', 13),
(586, 'داریان', 1),
(587, 'داریان', 17),
(588, 'دالکی', 7),
(589, 'دامغان', 15),
(590, 'دامنه', 4),
(591, 'دانسفهان', 18),
(592, 'داودآباد', 28),
(593, 'داورزن', 11),
(594, 'دبیران', 17),
(595, 'درب بهشت', 21),
(596, 'درب گنبد', 26),
(597, 'درجزین', 15),
(598, 'درچه', 4),
(599, 'درح', 10),
(600, 'درق', 12),
(601, 'درگز', 11),
(602, 'درگهان', 29),
(603, 'درود', 11),
(604, 'دره شهر', 6),
(605, 'دزج', 20),
(606, 'دزفول', 13),
(607, 'دزفول  3', 13),
(608, 'دزفول 1', 13),
(609, 'دزفول 2', 13),
(610, 'دژکرد', 17),
(611, 'دستجرد', 19),
(612, 'دستگرد', 4),
(613, 'دستنا', 9),
(614, 'دشتک', 9),
(615, 'دشتکار', 21),
(616, 'دشتی', 29),
(617, 'دلبران', 20),
(618, 'دلگشا', 6),
(619, 'دلند', 24),
(620, 'دلوار', 7),
(621, 'دلیجان', 28),
(622, 'دماوند', 8),
(623, 'دمق', 30),
(624, 'دندی', 14),
(625, 'دوبرجی', 17),
(626, 'دوراهک', 7),
(627, 'دورود', 26),
(628, 'دوزدوزان', 1),
(629, 'دوزه', 17),
(630, 'دوزین', 24),
(631, 'دوساری', 21),
(632, 'دوست محمد', 16),
(633, 'دوگنبدان', 23),
(634, 'دولت آباد', 4),
(635, 'دولت آباد', 11),
(636, 'ده رییس', 16),
(637, 'ده سرخ', 4),
(638, 'ده کهان', 21),
(639, 'دهاقان', 4),
(640, 'دهبارز', 29),
(641, 'دهج', 21),
(642, 'دهدز', 13),
(643, 'دهدشت', 23),
(644, 'دهرم', 17),
(645, 'دهق', 4),
(646, 'دهکویه', 17),
(647, 'دهگلان', 20),
(648, 'دهلران', 6),
(649, 'دیباج', 15),
(650, 'دیزج دیز', 2),
(651, 'دیزیچه', 4),
(652, 'دیشموک', 23),
(653, 'دیلمان', 25),
(654, 'دیواندره', 20),
(655, 'دیهوک', 10),
(656, 'رابر', 21),
(657, 'راز', 12),
(658, 'رازقان', 28),
(659, 'رازمیان', 18),
(660, 'راسک', 16),
(661, 'رامجرد', 17),
(662, 'رامسر', 27),
(663, 'رامشیر', 13),
(664, 'رامهرمز', 13),
(665, 'رامیان', 24),
(666, 'رانکوه', 25),
(667, 'راور', 21),
(668, 'راین', 21),
(669, 'رباط', 22),
(670, 'رباط سنگ', 11),
(671, 'رباطکریم', 8),
(672, 'ربط', 2),
(673, 'رحیم آباد', 25),
(674, 'رزن', 30),
(675, 'رزوه', 4),
(676, 'رستاق', 17),
(677, 'رستم آباد', 25),
(678, 'رستمکلا', 27),
(679, 'رشت', 25),
(680, 'رشت 1', 25),
(681, 'رشت 2', 25),
(682, 'رشت 3', 25),
(683, 'رشت 4', 25),
(684, 'رشت 5', 25),
(685, 'رشتخوار', 11),
(686, 'رضوانشهر', 4),
(687, 'رضوانشهر', 25),
(688, 'رضویه', 11),
(689, 'رضی', 3),
(690, 'رفسنجان', 21),
(691, 'رفیع', 13),
(692, 'رمشک', 21),
(693, 'روانسر', 22),
(694, 'رود زرد ماشین', 13),
(695, 'روداب', 11),
(696, 'رودبار', 21),
(697, 'رودبار', 25),
(698, 'رودبنه', 25),
(699, 'رودسر', 25),
(700, 'رودهن', 8),
(701, 'رودیان', 15),
(702, 'رونیز', 17),
(703, 'رویان', 27),
(704, 'رویدر', 29),
(705, 'ری', 8),
(706, 'ریجاب', 22),
(707, 'ریحان', 21),
(708, 'ریز', 7),
(709, 'ریگ ملک', 16),
(710, 'رینه', 27),
(711, 'ریواده', 11),
(712, 'ریوش', 11),
(713, 'زابل', 16),
(714, 'زارچ', 31),
(715, 'زازران', 4),
(716, 'زاغه', 26),
(717, 'زاووت', 13),
(718, 'زاویه', 28),
(719, 'زاهدان', 16),
(720, 'زاهدان 1', 16),
(721, 'زاهدان 2', 16),
(722, 'زاهدان 3', 16),
(723, 'زاهدان 4', 16),
(724, 'زاهدان 5', 16),
(725, 'زاهدشهر', 17),
(726, 'زاینده رود', 4),
(727, 'زرآباد', 2),
(728, 'زرآباد', 16),
(729, 'زرقان', 17),
(730, 'زرگرمحله', 27),
(731, 'زرند', 21),
(732, 'زرنق', 1),
(733, 'زرنه', 6),
(734, 'زرین آباد', 14),
(735, 'زرین رود', 14),
(736, 'زرین شهر', 4),
(737, 'زرینه', 20),
(738, 'زنجان', 14),
(739, 'زنجان 1', 14),
(740, 'زنجان 2', 14),
(741, 'زنجان 3', 14),
(742, 'زنجان 4', 14),
(743, 'زنگنه', 30),
(744, 'زنگی آباد', 21),
(745, 'زنگی اباد', 17),
(746, 'زنوز', 1),
(747, 'زواره', 4),
(748, 'زهان', 10),
(749, 'زهرا', 3),
(750, 'زهره', 13),
(751, 'زهک', 16),
(752, 'زهکلوت', 21),
(753, 'زیار', 4),
(754, 'زیارت', 12),
(755, 'زیارتعلی', 29),
(756, 'زیباشهر', 4),
(757, 'زیدآباد', 21),
(758, 'زیرآب', 27),
(759, 'ساربوک', 16),
(760, 'ساروق', 28),
(761, 'ساری', 27),
(762, 'ساری 1', 27),
(763, 'ساری 2', 27),
(764, 'ساری 3', 27),
(765, 'سالند', 13),
(766, 'سامان', 9),
(767, 'سامن', 30),
(768, 'ساوه', 28),
(769, 'ساوه 1', 28),
(770, 'ساوه 2', 28),
(771, 'سبزوار', 11),
(772, 'سبزوار1', 11),
(773, 'سبزوار2', 11),
(774, 'سپیددشت', 26),
(775, 'سجاس', 14),
(776, 'سجزی', 4),
(777, 'سده', 17),
(778, 'سده لنجان', 4),
(779, 'سراب', 1),
(780, 'سراب باغ', 6),
(781, 'سراب دوره', 26),
(782, 'سرابله', 6),
(783, 'سراوان', 16),
(784, 'سرایان', 10),
(785, 'سرباز', 16),
(786, 'سربیشه', 10),
(787, 'سرپل ذهاب', 22),
(788, 'سرجنگل', 16),
(789, 'سرخرود', 27),
(790, 'سرخس', 11),
(791, 'سرخنکلاته', 24),
(792, 'سرخون', 9),
(793, 'سرخه', 15),
(794, 'سرداران', 13),
(795, 'سردرود', 1),
(796, 'سردشت', 2),
(797, 'سردشت', 9),
(798, 'سردشت', 13),
(799, 'سردشت', 29),
(800, 'سرعین', 3),
(801, 'سرفاریاب', 23),
(802, 'سرکان', 30),
(803, 'سرگز', 29),
(804, 'سرمست', 22),
(805, 'سرو', 2),
(806, 'سروآباد', 20),
(807, 'سروستان', 17),
(808, 'سریش آباد', 20),
(809, 'سطر', 22),
(810, 'سعادت شهر', 17),
(811, 'سعد آباد', 7),
(812, 'سفیددشت', 9),
(813, 'سفیدسنگ', 11),
(814, 'سفیدشهر', 4),
(815, 'سقز', 20),
(816, 'سگزآباد', 18),
(817, 'سلامی', 11),
(818, 'سلطان آباد', 11),
(819, 'سلطان آباد', 13),
(820, 'سلطان شهر', 17),
(821, 'سلطانیه', 14),
(822, 'سلفچگان', 19),
(823, 'سلماس', 2),
(824, 'سلمان شهر', 27),
(825, 'سماله', 13),
(826, 'سمنان', 15),
(827, 'سمیرم', 4),
(828, 'سمیع آباد', 11),
(829, 'سنته', 20),
(830, 'سنخواست', 12),
(831, 'سندرک', 29),
(832, 'سنقر', 22),
(833, 'سنگان', 11),
(834, 'سنگدوین', 24),
(835, 'سنگر', 25),
(836, 'سنندج', 20),
(837, 'سنندج 1', 20),
(838, 'سنندج 2', 20),
(839, 'سنندج 3', 20),
(840, 'سودجان', 9),
(841, 'سوران', 16),
(842, 'سورشجان', 9),
(843, 'سورک', 27),
(844, 'سورمق', 17),
(845, 'سوری', 26),
(846, 'سوزا', 29),
(847, 'سوسنگرد', 13),
(848, 'سوق', 23),
(849, 'سومار', 22),
(850, 'سه قلعه', 10),
(851, 'سهرورد', 14),
(852, 'سهند', 1),
(853, 'سی سخت', 23),
(854, 'سیاه منصور', 13),
(855, 'سیاهکل', 25),
(856, 'سیجوال', 24),
(857, 'سیدان', 17),
(858, 'سیراف', 7),
(859, 'سیرجان', 21),
(860, 'سیرجان 1', 21),
(861, 'سیرجان 2', 21),
(862, 'سیردان', 18),
(863, 'سیرکان', 16),
(864, 'سیریز', 21),
(865, 'سیریک', 29),
(866, 'سیس', 1),
(867, 'سیلوانه', 2),
(868, 'سیمین شهر', 24),
(869, 'سیمینه', 2),
(870, 'سین', 4),
(871, 'سیه چشمه', 2),
(872, 'سیه رود', 1),
(873, 'شاپورآباد', 4),
(874, 'شادگان', 13),
(875, 'شادمهر', 11),
(876, 'شازند', 28),
(877, 'شال', 18),
(878, 'شاندیز', 11),
(879, 'شاوور', 13),
(880, 'شاهپوراباد', 26),
(881, 'شاهدشهر', 8),
(882, 'شاهدیه', 31),
(883, 'شاهرود', 15),
(884, 'شاهو', 22),
(885, 'شاهین دژ', 2),
(886, 'شاهین شهر', 4),
(887, 'شباب', 6),
(888, 'شبانکاره', 7),
(889, 'شبستر', 1),
(890, 'شرافت', 13),
(891, 'شربیان', 1),
(892, 'شرفخانه', 1),
(893, 'شروینه', 22),
(894, 'شریف آباد', 8),
(895, 'شریفیه', 18),
(896, 'ششتمد', 11),
(897, 'ششده', 17),
(898, 'شفت', 25),
(899, 'شلمان', 25),
(900, 'شلمزار', 9),
(901, 'شمس آباد', 13),
(902, 'شمشک', 8),
(903, 'شنبه', 7),
(904, 'شندآباد', 1),
(905, 'شوسف', 10),
(906, 'شوش', 13),
(907, 'شوشتر', 13),
(908, 'شوط', 2),
(909, 'شوقان', 12),
(910, 'شول آباد', 26),
(911, 'شویشه', 20),
(912, 'شهباز', 28),
(913, 'شهداد', 21),
(914, 'شهر امام', 13),
(915, 'شهراباد', 11),
(916, 'شهربابک', 21),
(917, 'شهرپیر', 17),
(918, 'شهرجدیدهشتگرد', 5),
(919, 'شهرزو', 11),
(920, 'شهرصدرا', 17),
(921, 'شهرضا', 4),
(922, 'شهرکرد', 9),
(923, 'شهریار', 8),
(924, 'شهریار1', 8),
(925, 'شهریار2', 8),
(926, 'شهریار3', 8),
(927, 'شهمیرزاد', 15),
(928, 'شهیون', 13),
(929, 'شیبان', 13),
(930, 'شیراز', 17),
(931, 'شیراز 10', 17),
(932, 'شیراز 9', 17),
(933, 'شیراز1', 17),
(934, 'شیراز2', 17),
(935, 'شیراز3', 17),
(936, 'شیراز4', 17),
(937, 'شیراز5', 17),
(938, 'شیراز6', 17),
(939, 'شیراز7', 17),
(940, 'شیراز8', 17),
(941, 'شیرگاه', 27),
(942, 'شیروان', 12),
(943, 'شیرود', 27),
(944, 'شیرین سو', 30),
(945, 'صاحب', 20),
(946, 'صادق اباد', 24),
(947, 'صالح آباد', 6),
(948, 'صالح آباد', 11),
(949, 'صالح آباد', 30),
(950, 'صالح شهر', 13),
(951, 'صالحیه', 8),
(952, 'صایین قلعه', 14),
(953, 'صباشهر', 8),
(954, 'صحنه', 22),
(955, 'صغاد', 17),
(956, 'صفادشت', 8),
(957, 'صفاشهر', 17),
(958, 'صفاییه', 21),
(959, 'صفی آباد', 12),
(960, 'صفی آباد', 13),
(961, 'صمصامی', 9),
(962, 'صوفیان', 1),
(963, 'صومعه سرا', 25),
(964, 'صیدون', 13),
(965, 'ضیاآباد', 18),
(966, 'طاقانک', 9),
(967, 'طالخونچه', 4),
(968, 'طالقان', 5),
(969, 'طبس', 10),
(970, 'طبس مسینا', 10),
(971, 'طبقده', 27),
(972, 'طبل', 29),
(973, 'طرق رود', 4),
(974, 'طرقبه', 11),
(975, 'طسوج', 17),
(976, 'عاشقلو', 1),
(977, 'عالی شهر', 7),
(978, 'عباس اباد', 27),
(979, 'عجب شیر', 1),
(980, 'عرب حسن', 13),
(981, 'عسگران', 4),
(982, 'عسلویه', 7),
(983, 'عشق آباد', 10),
(984, 'عشق آباد', 11),
(985, 'عقدا', 31),
(986, 'علامرودشت', 17),
(987, 'علویجه', 4),
(988, 'علی اباد', 21),
(989, 'علی اباد', 24),
(990, 'علی اکبر', 16),
(991, 'علیشاه', 1),
(992, 'عماد شهر', 17),
(993, 'عنبر', 13),
(994, 'عنبرآباد', 21),
(995, 'عنبران', 3),
(996, 'غرق آباد', 28),
(997, 'غلامان', 12),
(998, 'فارسان', 9),
(999, 'فارغان', 29),
(1000, 'فاروج', 12),
(1001, 'فاروق', 17),
(1002, 'فاریاب', 21),
(1003, 'فاضل آباد', 24),
(1004, 'فال', 17),
(1005, 'فامنین', 30),
(1006, 'فتح آباد', 4),
(1007, 'فتح المبین', 13),
(1008, 'فخراباد', 3),
(1009, 'فدامی', 17),
(1010, 'فرادبنه', 9),
(1011, 'فراشبند', 17),
(1012, 'فراغی', 24),
(1013, 'فرح آباد', 27),
(1014, 'فرخ شهر', 9),
(1015, 'فرخی', 4),
(1016, 'فردوس', 10),
(1017, 'فردوسیه', 8),
(1018, 'فردیس1', 5),
(1019, 'فردیس2', 5),
(1020, 'فرسفج', 30),
(1021, 'فرمهین', 28),
(1022, 'فرون اباد', 8),
(1023, 'فرهادگرد', 11),
(1024, 'فریدونشهر', 4),
(1025, 'فریدونکنار', 27),
(1026, 'فریم', 27),
(1027, 'فریمان', 11),
(1028, 'فسا', 17),
(1029, 'فشم', 8),
(1030, 'فلاورجان', 4),
(1031, 'فنوج', 16),
(1032, 'فولادشهر', 4),
(1033, 'فومن', 25),
(1034, 'فهرج', 21),
(1035, 'فیرورق', 2),
(1036, 'فیروزآباد', 17),
(1037, 'فیروزآباد', 26),
(1038, 'فیروزان', 30),
(1039, 'فیروزکوه', 8),
(1040, 'فیروزه', 11),
(1041, 'فیض آباد', 11),
(1042, 'فیل اباد', 9),
(1043, 'فین', 29),
(1044, 'قادراباد', 17),
(1045, 'قاسم آباد', 11),
(1046, 'قاضی', 12),
(1047, 'قایم شهر', 27),
(1048, 'قایمیه', 17),
(1049, 'قاین', 10),
(1050, 'قدس', 8),
(1051, 'قدمگاه', 11),
(1052, 'قرچک', 8),
(1053, 'قرق', 24),
(1054, 'قرقری', 16),
(1055, 'قروه', 20),
(1056, 'قروه درگزین', 30),
(1057, 'قره آغاج', 1),
(1058, 'قره بلاغ', 17),
(1059, 'قره ضیاءالدین', 2),
(1060, 'قزوین', 18),
(1061, 'قزوین 1', 18),
(1062, 'قزوین 2', 18),
(1063, 'قزوین 3', 18),
(1064, 'قزوین 4', 18),
(1065, 'قشم', 29),
(1066, 'قصابه', 3),
(1067, 'قصرشیرین', 22),
(1068, 'قصرقند', 16),
(1069, 'قطب آباد', 17),
(1070, 'قطرویه', 17),
(1071, 'قطور', 2),
(1072, 'قلعه', 22),
(1073, 'قلعه تل', 13),
(1074, 'قلعه خواجه', 13),
(1075, 'قلعه رییسی', 23),
(1076, 'قلعه قاضی', 29),
(1077, 'قلعه گنج', 21),
(1078, 'قلعه نو', 8),
(1079, 'قلعه نوعلیا', 11),
(1080, 'قلندرآباد', 11),
(1081, 'قم', 19),
(1082, 'قم 1', 19),
(1083, 'قم 2', 19),
(1084, 'قم 3', 19),
(1085, 'قم 4', 19),
(1086, 'قم 5', 19),
(1087, 'قم 6', 19),
(1088, 'قم 7', 19),
(1089, 'قم 8', 19),
(1090, 'قمصر', 4),
(1091, 'قنوات', 19),
(1092, 'قوچان', 11),
(1093, 'قورچی باشی', 28),
(1094, 'قوشچی', 2),
(1095, 'قوشخانه', 12),
(1096, 'قهاوند', 30),
(1097, 'قهجاورستان', 4),
(1098, 'قهدریجان', 4),
(1099, 'قهستان', 10),
(1100, 'قیام دشت', 8),
(1101, 'قیدار', 14),
(1102, 'قیر', 17),
(1103, 'کاج', 9),
(1104, 'کاخک', 11),
(1105, 'کارچان', 28),
(1106, 'کارزین (فتح آباد)', 17),
(1107, 'کاریز', 11),
(1108, 'کازرون', 17),
(1109, 'کاشان', 4),
(1110, 'کاشمر', 11),
(1111, 'کاظم آباد', 21),
(1112, 'کاکی', 7),
(1113, 'کامفیروز', 17),
(1114, 'کامو و چوگان', 4),
(1115, 'کامیاران', 20),
(1116, 'کانی دینار', 20),
(1117, 'کانی سور', 20),
(1118, 'کبودرآهنگ', 30),
(1119, 'کتالم وسادات شهر', 27),
(1120, 'کجور', 27),
(1121, 'کدکن', 11),
(1122, 'کرج', 5),
(1123, 'کرج 1', 5),
(1124, 'کرج 10', 5),
(1125, 'کرج 2', 5),
(1126, 'کرج 3', 5),
(1127, 'کرج 4', 5),
(1128, 'کرج 5', 5),
(1129, 'کرج 6', 5),
(1130, 'کرج 7', 5),
(1131, 'کرج 8', 5),
(1132, 'کرج 9', 5),
(1133, 'کردکوی', 24),
(1134, 'کرسف', 14),
(1135, 'کرفس', 30),
(1136, 'کرکوند', 4),
(1137, 'کرمان', 21),
(1138, 'کرمان 1', 21),
(1139, 'کرمان 2', 21),
(1140, 'کرمان 3', 21),
(1141, 'کرمان 4', 21),
(1142, 'کرمانشاه', 22),
(1143, 'کرمانشاه 1', 22),
(1144, 'کرمانشاه 2', 22),
(1145, 'کرمانشاه 3', 22),
(1146, 'کرمانشاه 4', 22),
(1147, 'کرمانشاه 5', 22),
(1148, 'کرمانشاه 6', 22),
(1149, 'کرمانشاه 7', 22),
(1150, 'کرمانشاه 8', 22),
(1151, 'کرند', 22),
(1152, 'کره ای', 17),
(1153, 'کشاورز', 2),
(1154, 'کشکسرای', 1),
(1155, 'کشکوییه', 21),
(1156, 'کلات', 11),
(1157, 'کلاته', 15),
(1158, 'کلاته خیج', 15),
(1159, 'کلاچای', 25),
(1160, 'کلارآباد', 27),
(1161, 'کلاردشت', 27),
(1162, 'کلاله', 24),
(1163, 'کلمه', 7),
(1164, 'کلوانق', 1),
(1165, 'کلور', 3),
(1166, 'کلیبر', 1),
(1167, 'کلیشادوسودرجان', 4),
(1168, 'کمال شهر', 5),
(1169, 'کمشچه', 4),
(1170, 'کمه', 4),
(1171, 'کمیجان', 28),
(1172, 'کنارتخته', 17),
(1173, 'کنارک', 16),
(1174, 'کندر', 11),
(1175, 'کنگ', 29),
(1176, 'کنگاور', 22),
(1177, 'کوار', 17),
(1178, 'کوپن', 17),
(1179, 'کوت سیدنعیم', 13),
(1180, 'کوت عبداله', 13),
(1181, 'کوچصفهان', 25),
(1182, 'کوراییم', 3),
(1183, 'کوزران', 22),
(1184, 'کوزه کنان', 1),
(1185, 'کوشک', 4),
(1186, 'کوشکنار', 29),
(1187, 'کومله', 25),
(1188, 'کوهبنان', 21),
(1189, 'کوهپایه', 4),
(1190, 'کوهدشت', 26),
(1191, 'کوهسار', 5),
(1192, 'کوهستک', 29),
(1193, 'کوهنانی', 26),
(1194, 'کوهنجان', 17),
(1195, 'کوهی خیل', 27),
(1196, 'کوهیچ', 29),
(1197, 'کوهین', 18),
(1198, 'کهریزسنگ', 4),
(1199, 'کهریزک', 8),
(1200, 'کهک', 19),
(1201, 'کهن آباد', 15),
(1202, 'کهنوج', 21),
(1203, 'کیاسر', 27),
(1204, 'کیاشهر', 25),
(1205, 'کیاکلا', 27),
(1206, 'کیان', 9),
(1207, 'کیانشهر', 21),
(1208, 'کیش', 29),
(1209, 'کیلان', 8),
(1210, 'گالیکش', 24),
(1211, 'گتاب', 27),
(1212, 'گتوند', 13),
(1213, 'گتیج', 16),
(1214, 'گراب', 26),
(1215, 'گراب سفلی', 23),
(1216, 'گراش', 17),
(1217, 'گرگاب', 4),
(1218, 'گرگان', 24),
(1219, 'گرگان 1', 24),
(1220, 'گرگان 2', 24),
(1221, 'گرگان 3', 24),
(1222, 'گرماب', 14),
(1223, 'گرمدره', 5),
(1224, 'گرمسار', 15),
(1225, 'گرمه', 12),
(1226, 'گرمی', 3),
(1227, 'گروک', 29),
(1228, 'گزبرخوار', 4),
(1229, 'گزنک', 27),
(1230, 'گزیک', 10),
(1231, 'گشت', 16),
(1232, 'گل تپه', 30),
(1233, 'گلباف', 21),
(1234, 'گلبهار', 11),
(1235, 'گلپایگان', 4),
(1236, 'گلدشت', 4),
(1237, 'گلزار', 21),
(1238, 'گلسار', 5),
(1239, 'گلستان', 8),
(1240, 'گلشن', 4),
(1241, 'گلشهر', 4),
(1242, 'گلگیر', 13),
(1243, 'گلمکان', 11),
(1244, 'گلمورتی', 16),
(1245, 'گلوگاه', 27),
(1246, 'گلوگاه', 27),
(1247, 'گله دار', 17),
(1248, 'گلیداغ', 24),
(1249, 'گمیش تپه', 24),
(1250, 'گناباد', 11),
(1251, 'گنبدکاووس', 24),
(1252, 'گنبکی', 21),
(1253, 'گندمان', 9),
(1254, 'گوجان', 9),
(1255, 'گودین', 22),
(1256, 'گوراب زرمیخ', 25),
(1257, 'گوریه', 13),
(1258, 'گوگ تپه', 2),
(1259, 'گوگان', 1),
(1260, 'گوگد', 4),
(1261, 'گوهران', 29),
(1262, 'گهرو', 9),
(1263, 'گهواره', 22),
(1264, 'گیان', 30),
(1265, 'گیلانغرب', 22),
(1266, 'گیوی', 3),
(1267, 'لاجان', 2),
(1268, 'لار', 17),
(1269, 'لاریجان', 1),
(1270, 'لالجین', 30),
(1271, 'لاله زار', 21),
(1272, 'لالی', 13),
(1273, 'لامرد', 17),
(1274, 'لاهرود', 3),
(1275, 'لاهیجان', 25),
(1276, 'لای بید', 4),
(1277, 'لپویی', 17),
(1278, 'لردگان', 9),
(1279, 'لشت نشاء', 25),
(1280, 'لطف آباد', 11),
(1281, 'لطیفی', 17),
(1282, 'لمزان', 29),
(1283, 'لنده', 23),
(1284, 'لنگرود', 25),
(1285, 'لواسان', 8),
(1286, 'لوجلی', 12),
(1287, 'لوشان', 25),
(1288, 'لولمان', 25),
(1289, 'لومار', 6),
(1290, 'لوندویل', 25),
(1291, 'لیردف', 29),
(1292, 'لیسار', 25),
(1293, 'لیکک', 23),
(1294, 'لیلان', 1),
(1295, 'مادرسلیمان', 17),
(1296, 'مادوان', 23),
(1297, 'مارگون', 23),
(1298, 'ماژین', 6),
(1299, 'ماسال', 25),
(1300, 'ماسوله', 25),
(1301, 'ماکلوان', 25),
(1302, 'ماکو', 2),
(1303, 'مال خلیفه', 9),
(1304, 'مامونیه', 28),
(1305, 'ماه نشان', 14),
(1306, 'ماهان', 21),
(1307, 'ماهدشت', 5),
(1308, 'مبارک آباددیز', 17),
(1309, 'مبارک شهر', 1),
(1310, 'مبارکه', 4),
(1311, 'مجلسی', 4),
(1312, 'مجن', 15),
(1313, 'محلات', 28),
(1314, 'محمدآباد', 4),
(1315, 'محمدآباد', 16),
(1316, 'محمدآباد', 21),
(1317, 'محمدان', 16),
(1318, 'محمدشهر', 5),
(1319, 'محمدشهر', 10),
(1320, 'محمدی', 16),
(1321, 'محمدیار', 2),
(1322, 'محمدیه', 18),
(1323, 'محمله', 17),
(1324, 'محمودآباد', 2),
(1325, 'محمودآباد', 27),
(1326, 'محمودآبادنمونه', 18),
(1327, 'محی آباد', 21),
(1328, 'مرادلو', 3),
(1329, 'مراغه', 1),
(1330, 'مراغه 1', 1),
(1331, 'مراغه 2', 1),
(1332, 'مراوه', 24),
(1333, 'مرجقل', 25),
(1334, 'مردهک', 21),
(1335, 'مرزن آباد', 27),
(1336, 'مرزیکلا', 27),
(1337, 'مرگنلر', 2),
(1338, 'مرند', 1),
(1339, 'مرودشت', 17),
(1340, 'مروست', 31),
(1341, 'مریانج', 30),
(1342, 'مریوان', 20),
(1343, 'مزایجان', 17),
(1344, 'مزدآوند', 11),
(1345, 'مزرعه', 24),
(1346, 'مس سرچشمه', 21),
(1347, 'مسجدسلیمان', 13),
(1348, 'مسجدسلیمان 1', 13),
(1349, 'مسجدسلیمان 2', 13),
(1350, 'مشراگه', 13),
(1351, 'مشکات', 4),
(1352, 'مشکان', 11),
(1353, 'مشکان', 17),
(1354, 'مشکین دشت', 5),
(1355, 'مشگین شهر', 3),
(1356, 'مشهد', 11),
(1357, 'مشهد 12', 11),
(1358, 'مشهد ثامن', 11),
(1359, 'مشهد1', 11),
(1360, 'مشهد10', 11),
(1361, 'مشهد11', 11),
(1362, 'مشهد2', 11),
(1363, 'مشهد3', 11),
(1364, 'مشهد4', 11),
(1365, 'مشهد5', 11),
(1366, 'مشهد6', 11),
(1367, 'مشهد7', 11),
(1368, 'مشهد8', 11),
(1369, 'مشهد9', 11),
(1370, 'مشهدریزه', 11),
(1371, 'مصیری', 17),
(1372, 'معزابادجابری', 17),
(1373, 'معلم کلایه', 18),
(1374, 'معمولان', 26),
(1375, 'مغان سر', 3),
(1376, 'مقاومت', 13),
(1377, 'ملاثانی', 13),
(1378, 'ملارد', 8),
(1379, 'ملایر', 30),
(1380, 'ملک آباد', 11),
(1381, 'ملکان', 1),
(1382, 'ممقان', 1),
(1383, 'منتظران', 13),
(1384, 'منج', 9),
(1385, 'منجیل', 25),
(1386, 'منصوریه', 13),
(1387, 'منظریه', 4),
(1388, 'منوجان', 21),
(1389, 'موچش', 20),
(1390, 'مود', 10),
(1391, 'مورموری', 6),
(1392, 'موسیان', 6),
(1393, 'مومن آباد', 26),
(1394, 'مهاباد', 4),
(1395, 'مهاباد', 2),
(1396, 'مهاجران', 28),
(1397, 'مهاجران', 30),
(1398, 'مهدی شهر', 15),
(1399, 'مهر', 6),
(1400, 'مهر', 17),
(1401, 'مهران', 6),
(1402, 'مهربان', 1),
(1403, 'مهردشت', 31),
(1404, 'مهرستان', 16),
(1405, 'مهریز', 31),
(1406, 'میامی', 15),
(1407, 'میان راهان', 22),
(1408, 'میاندوآب', 2),
(1409, 'میانرود', 13),
(1410, 'میانشهر', 17),
(1411, 'میانکوه', 13),
(1412, 'میانه', 1),
(1413, 'میبد', 31),
(1414, 'میداود', 13),
(1415, 'میرآباد', 2),
(1416, 'میرآباد', 22),
(1417, 'میرجاوه', 16),
(1418, 'میلاجرد', 28),
(1419, 'میمند', 17),
(1420, 'میمه', 4),
(1421, 'میمه', 6),
(1422, 'میناب', 29),
(1423, 'مینودشت', 24),
(1424, 'مینوشهر', 13),
(1425, 'نازک علیا', 2),
(1426, 'ناغان', 9),
(1427, 'نافچ', 9),
(1428, 'نالوس', 2),
(1429, 'نایین', 4),
(1430, 'نجف آباد', 4),
(1431, 'نجف شهر', 21),
(1432, 'نخل تقی', 7),
(1433, 'ندوشن', 31),
(1434, 'نراق', 28),
(1435, 'نرجه', 18),
(1436, 'نرماشیر', 21),
(1437, 'نسیم شهر', 8),
(1438, 'نشتارود', 27),
(1439, 'نشتیفان', 11),
(1440, 'نصرآباد', 4),
(1441, 'نصرآباد', 11),
(1442, 'نصرت آباد', 16),
(1443, 'نصیرشهر', 8),
(1444, 'نطنز', 4),
(1445, 'نظام شهر', 21),
(1446, 'نظرآباد', 5),
(1447, 'نظرکهریزی', 1),
(1448, 'نقاب', 11),
(1449, 'نقده', 2),
(1450, 'نقنه', 9),
(1451, 'نکا', 27),
(1452, 'نگار', 21),
(1453, 'نگور', 16),
(1454, 'نگین شهر', 24),
(1455, 'نلاس', 2),
(1456, 'نمین', 3),
(1457, 'نوبران', 28),
(1458, 'نوبندگان', 17),
(1459, 'نوجین', 17),
(1460, 'نوخندان', 11),
(1461, 'نودان', 17),
(1462, 'نودژ', 21),
(1463, 'نودشه', 22),
(1464, 'نوده خاندوز', 24),
(1465, 'نور', 27),
(1466, 'نورآباد', 17),
(1467, 'نورآباد', 26),
(1468, 'نوربهار', 14),
(1469, 'نوسود', 22),
(1470, 'نوش آباد', 4),
(1471, 'نوشهر', 27),
(1472, 'نوشین', 2),
(1473, 'نوک آباد', 16),
(1474, 'نوکنده', 24),
(1475, 'نهاوند', 30),
(1476, 'نهبندان', 10),
(1477, 'نی ریز', 17),
(1478, 'نیاسر', 4),
(1479, 'نیر', 3),
(1480, 'نیر', 31),
(1481, 'نیشابور', 11),
(1482, 'نیشابور 1', 11),
(1483, 'نیشابور 2', 11),
(1484, 'نیک آباد', 4),
(1485, 'نیک پی', 14),
(1486, 'نیک شهر', 16),
(1487, 'نیل شهر', 11),
(1488, 'نیمبلوک', 10),
(1489, 'نیمور', 28),
(1490, 'واجارگاه', 25),
(1491, 'وایقان', 1),
(1492, 'وحدتیه', 7),
(1493, 'وحیدیه', 8),
(1494, 'ورامین', 8),
(1495, 'وراوی', 17),
(1496, 'وردنجان', 9),
(1497, 'ورزقان', 1),
(1498, 'ورزنه', 4),
(1499, 'ورنامخواست', 4),
(1500, 'وزوان', 4),
(1501, 'ونایی', 26),
(1502, 'ونک', 4),
(1503, 'ویس', 13),
(1504, 'ویسیان', 26),
(1505, 'هادی شهر', 27),
(1506, 'هادیشهر', 1),
(1507, 'هارونی', 9),
(1508, 'هجدک', 21),
(1509, 'هچیرود', 27),
(1510, 'هرات', 31),
(1511, 'هرسین', 22),
(1512, 'هرمز', 29),
(1513, 'هرند', 4),
(1514, 'هریس', 1),
(1515, 'هزارکانیان', 20),
(1516, 'هشتبندی', 29),
(1517, 'هشتپر (تالش)', 25),
(1518, 'هشتجین', 3),
(1519, 'هشترود', 1),
(1520, 'هشتگرد', 5),
(1521, 'هفت چشمه', 26),
(1522, 'هفتگل', 13),
(1523, 'هفشجان', 9),
(1524, 'هلشی', 22),
(1525, 'هماشهر', 17),
(1526, 'هماشهر', 21),
(1527, 'همت آباد', 11),
(1528, 'همدان', 30),
(1529, 'همدان 1', 30),
(1530, 'همدان 2', 30),
(1531, 'همدان 3', 30),
(1532, 'همدان 4', 30),
(1533, 'هندودر', 28),
(1534, 'هندیجان', 13),
(1535, 'هنزا', 21),
(1536, 'هنگوییه', 29),
(1537, 'هوراند', 1),
(1538, 'هوره', 9),
(1539, 'هویزه', 13),
(1540, 'هیدج', 14),
(1541, 'هیدوچ', 16),
(1542, 'هیر', 3),
(1543, 'یاسوج', 23),
(1544, 'یاسوکند', 20),
(1545, 'یامچی', 1),
(1546, 'یان چشمه', 9),
(1547, 'یزد', 31),
(1548, 'یزد1', 31),
(1549, 'یزد2', 31),
(1550, 'یزد3', 31),
(1551, 'یزدان شهر', 21),
(1552, 'یکه سعود', 12),
(1553, 'یولاگلدی', 2),
(1554, 'یونسی', 11);

-- --------------------------------------------------------

--
-- Table structure for table `failed_jobs`
--

CREATE TABLE `failed_jobs` (
  `id` bigint(20) UNSIGNED NOT NULL,
  `uuid` varchar(255) NOT NULL,
  `connection` text NOT NULL,
  `queue` text NOT NULL,
  `payload` longtext NOT NULL,
  `exception` longtext NOT NULL,
  `failed_at` timestamp NOT NULL DEFAULT current_timestamp()
) ENGINE=InnoDB DEFAULT CHARSET=utf8mb4 COLLATE=utf8mb4_unicode_ci;

-- --------------------------------------------------------

--
-- Table structure for table `jobs`
--

CREATE TABLE `jobs` (
  `id` bigint(20) UNSIGNED NOT NULL,
  `queue` varchar(255) NOT NULL,
  `payload` longtext NOT NULL,
  `attempts` tinyint(3) UNSIGNED NOT NULL,
  `reserved_at` int(10) UNSIGNED DEFAULT NULL,
  `available_at` int(10) UNSIGNED NOT NULL,
  `created_at` int(10) UNSIGNED NOT NULL
) ENGINE=InnoDB DEFAULT CHARSET=utf8mb4 COLLATE=utf8mb4_unicode_ci;

-- --------------------------------------------------------

--
-- Table structure for table `job_batches`
--

CREATE TABLE `job_batches` (
  `id` varchar(255) NOT NULL,
  `name` varchar(255) NOT NULL,
  `total_jobs` int(11) NOT NULL,
  `pending_jobs` int(11) NOT NULL,
  `failed_jobs` int(11) NOT NULL,
  `failed_job_ids` longtext NOT NULL,
  `options` mediumtext DEFAULT NULL,
  `cancelled_at` int(11) DEFAULT NULL,
  `created_at` int(11) NOT NULL,
  `finished_at` int(11) DEFAULT NULL
) ENGINE=InnoDB DEFAULT CHARSET=utf8mb4 COLLATE=utf8mb4_unicode_ci;

-- --------------------------------------------------------

--
-- Table structure for table `migrations`
--

CREATE TABLE `migrations` (
  `id` int(10) UNSIGNED NOT NULL,
  `migration` varchar(255) NOT NULL,
  `batch` int(11) NOT NULL
) ENGINE=InnoDB DEFAULT CHARSET=utf8mb4 COLLATE=utf8mb4_unicode_ci;

--
-- Dumping data for table `migrations`
--

INSERT INTO `migrations` (`id`, `migration`, `batch`) VALUES
(1, '0001_01_01_000000_create_users_table', 1),
(2, '0001_01_01_000001_create_cache_table', 1),
(3, '0001_01_01_000002_create_jobs_table', 1),
(4, '2024_12_17_110533_create_permission_tables', 1),
(5, '2024_12_17_130240_create_personal_access_tokens_table', 1),
(6, '2024_12_21_134335_create_otp_codes_table', 1);

-- --------------------------------------------------------

--
-- Table structure for table `model_has_permissions`
--

CREATE TABLE `model_has_permissions` (
  `permission_id` bigint(20) UNSIGNED NOT NULL,
  `model_type` varchar(255) NOT NULL,
  `model_id` bigint(20) UNSIGNED NOT NULL
) ENGINE=InnoDB DEFAULT CHARSET=utf8mb4 COLLATE=utf8mb4_unicode_ci;

-- --------------------------------------------------------

--
-- Table structure for table `model_has_roles`
--

CREATE TABLE `model_has_roles` (
  `role_id` bigint(20) UNSIGNED NOT NULL,
  `model_type` varchar(255) NOT NULL,
  `model_id` bigint(20) UNSIGNED NOT NULL
) ENGINE=InnoDB DEFAULT CHARSET=utf8mb4 COLLATE=utf8mb4_unicode_ci;

--
-- Dumping data for table `model_has_roles`
--

INSERT INTO `model_has_roles` (`role_id`, `model_type`, `model_id`) VALUES
(1, 'App\\Models\\User', 1),
(1, 'App\\Models\\User', 2),
(2, 'App\\Models\\User', 2);

-- --------------------------------------------------------

--
-- Table structure for table `otp_codes`
--

CREATE TABLE `otp_codes` (
  `id` bigint(20) UNSIGNED NOT NULL,
  `login_method_value` varchar(255) NOT NULL,
  `login_method` varchar(255) NOT NULL,
  `code` int(10) UNSIGNED NOT NULL,
  `otp_token` varchar(255) NOT NULL,
  `attempt` int(10) UNSIGNED NOT NULL DEFAULT 0,
  `expired_at` timestamp NOT NULL DEFAULT current_timestamp() ON UPDATE current_timestamp(),
  `created_at` timestamp NULL DEFAULT NULL,
  `updated_at` timestamp NULL DEFAULT NULL
) ENGINE=InnoDB DEFAULT CHARSET=utf8mb4 COLLATE=utf8mb4_unicode_ci;

-- --------------------------------------------------------

--
-- Table structure for table `password_reset_tokens`
--

CREATE TABLE `password_reset_tokens` (
  `email` varchar(255) NOT NULL,
  `token` varchar(255) NOT NULL,
  `created_at` timestamp NULL DEFAULT NULL
) ENGINE=InnoDB DEFAULT CHARSET=utf8mb4 COLLATE=utf8mb4_unicode_ci;

-- --------------------------------------------------------

--
-- Table structure for table `permissions`
--

CREATE TABLE `permissions` (
  `id` bigint(20) UNSIGNED NOT NULL,
  `description` varchar(255) DEFAULT NULL,
  `name` varchar(255) NOT NULL,
  `guard_name` varchar(255) NOT NULL,
  `created_at` timestamp NULL DEFAULT NULL,
  `updated_at` timestamp NULL DEFAULT NULL
) ENGINE=InnoDB DEFAULT CHARSET=utf8mb4 COLLATE=utf8mb4_unicode_ci;

--
-- Dumping data for table `permissions`
--

INSERT INTO `permissions` (`id`, `description`, `name`, `guard_name`, `created_at`, `updated_at`) VALUES
(1, 'نمایش همه کاربران به ادمین', 'show_all_users', 'sanctum', NULL, NULL),
(2, 'حذف آواتار کاربر', 'delete_avatar', 'sanctum', NULL, NULL),
(3, 'ذخیره آواتار کاربر', 'store_avatar', 'sanctum', NULL, NULL),
(4, 'ایجاد کاربر', 'create_user', 'sanctum', NULL, NULL),
(5, 'تعیین وضعیت کاربر', 'edit_user_status', 'sanctum', NULL, NULL),
(6, 'نمایش اطلاعات یک کاربر', 'show_user', 'sanctum', NULL, NULL),
(7, 'حذف یک کاربر', 'delete_user', 'sanctum', NULL, NULL),
(8, 'ویرایش اطلاعات یک کاربر', 'edit_user', 'sanctum', NULL, NULL),
(9, 'نمایش نقش های موجود', 'show_roles', 'sanctum', NULL, NULL),
(10, 'ایجاد یک نقش', 'create_role', 'sanctum', NULL, NULL),
(11, 'نمایش نقش های یک کاربر', 'show_user_roles', 'sanctum', NULL, NULL),
(12, 'حذف نقش های یک کاربر', 'delete_user_roles', 'sanctum', NULL, NULL),
(13, 'ویرایش یک نقش به همراه مجوز های آن', 'edit_role', 'sanctum', NULL, NULL),
(14, 'نمایش مجوز های موجود', 'show_permissions', 'sanctum', NULL, NULL),
(15, 'اختصاص نقش به کاربر', 'assign_user_role', 'sanctum', NULL, NULL),
(16, 'حذف نقش', 'delete_role', 'sanctum', NULL, NULL);

-- --------------------------------------------------------

--
-- Table structure for table `personal_access_tokens`
--

CREATE TABLE `personal_access_tokens` (
  `id` bigint(20) UNSIGNED NOT NULL,
  `tokenable_type` varchar(255) NOT NULL,
  `tokenable_id` bigint(20) UNSIGNED NOT NULL,
  `name` varchar(255) NOT NULL,
  `token` varchar(64) NOT NULL,
  `abilities` text DEFAULT NULL,
  `last_used_at` timestamp NULL DEFAULT NULL,
  `expires_at` timestamp NULL DEFAULT NULL,
  `created_at` timestamp NULL DEFAULT NULL,
  `updated_at` timestamp NULL DEFAULT NULL
) ENGINE=InnoDB DEFAULT CHARSET=utf8mb4 COLLATE=utf8mb4_unicode_ci;

--
-- Dumping data for table `personal_access_tokens`
--

INSERT INTO `personal_access_tokens` (`id`, `tokenable_type`, `tokenable_id`, `name`, `token`, `abilities`, `last_used_at`, `expires_at`, `created_at`, `updated_at`) VALUES
(1, 'App\\Models\\User', 1, 'Personal Access Token', 'b24d1f0bf89ff8e37a5a20b6f936c35c0836154d0ea3898724a62b6cae1fe545', '[\"*\"]', '2025-01-10 04:56:54', NULL, '2025-01-08 08:32:37', '2025-01-10 04:56:54'),
(2, 'App\\Models\\User', 4, 'Personal Access Token', '2506d3731254ec52484239510bfb77ffdb828c0de9cdfda645ee275428c5cb18', '[\"*\"]', '2025-01-08 09:34:52', NULL, '2025-01-08 08:34:12', '2025-01-08 09:34:52'),
(3, 'App\\Models\\User', 1, 'Personal Access Token', 'c34c8ed12ad41a6d9655664e917d10e5ba6e5103d8a4d33178acd5806b0f01fa', '[\"*\"]', NULL, NULL, '2025-01-09 16:42:45', '2025-01-09 16:42:45');

-- --------------------------------------------------------

--
-- Table structure for table `provinces`
--

CREATE TABLE `provinces` (
  `id` int(11) NOT NULL,
  `name` varchar(255) NOT NULL
) ENGINE=InnoDB DEFAULT CHARSET=utf8mb4 COLLATE=utf8mb4_general_ci;

--
-- Dumping data for table `provinces`
--

INSERT INTO `provinces` (`id`, `name`) VALUES
(1, 'آذربایجان شرقی'),
(2, 'آذربایجان غربی'),
(3, 'اردبیل'),
(4, 'اصفهان'),
(5, 'البرز'),
(6, 'ایلام'),
(7, 'بوشهر'),
(8, 'تهران'),
(9, 'چهارمحال وبختیاری'),
(10, 'خراسان جنوبی'),
(11, 'خراسان رضوی'),
(12, 'خراسان شمالی'),
(13, 'خوزستان'),
(14, 'زنجان'),
(15, 'سمنان'),
(16, 'سیستان وبلوچستان'),
(17, 'فارس'),
(18, 'قزوین'),
(19, 'قم'),
(20, 'کردستان'),
(21, 'کرمان'),
(22, 'کرمانشاه'),
(23, 'کهگیلویه وبویراحمد'),
(24, 'گلستان'),
(25, 'گیلان'),
(26, 'لرستان'),
(27, 'مازندران'),
(28, 'مرکزی'),
(29, 'هرمزگان'),
(30, 'همدان'),
(31, 'یزد');

-- --------------------------------------------------------

--
-- Table structure for table `roles`
--

CREATE TABLE `roles` (
  `id` bigint(20) UNSIGNED NOT NULL,
  `name` varchar(255) NOT NULL,
  `description` varchar(255) NOT NULL,
  `guard_name` varchar(255) NOT NULL,
  `created_at` timestamp NULL DEFAULT NULL,
  `updated_at` timestamp NULL DEFAULT NULL
) ENGINE=InnoDB DEFAULT CHARSET=utf8mb4 COLLATE=utf8mb4_unicode_ci;

--
-- Dumping data for table `roles`
--

INSERT INTO `roles` (`id`, `name`, `description`, `guard_name`, `created_at`, `updated_at`) VALUES
(1, 'admin', 'می تواند پنل ادمین را مدیریت کند.', 'sanctum', '2025-01-07 14:48:25', '2025-01-07 14:48:25'),
(2, 'author', 'می تواند پنل ادمین را مدیریت کند.', 'sanctum', '2025-01-07 14:48:25', '2025-01-07 14:48:25');

-- --------------------------------------------------------

--
-- Table structure for table `role_has_permissions`
--

CREATE TABLE `role_has_permissions` (
  `permission_id` bigint(20) UNSIGNED NOT NULL,
  `role_id` bigint(20) UNSIGNED NOT NULL
) ENGINE=InnoDB DEFAULT CHARSET=utf8mb4 COLLATE=utf8mb4_unicode_ci;

--
-- Dumping data for table `role_has_permissions`
--

INSERT INTO `role_has_permissions` (`permission_id`, `role_id`) VALUES
(1, 1),
(2, 1),
(3, 1),
(4, 1),
(5, 1),
(6, 1),
(7, 1),
(8, 1),
(9, 1),
(10, 1),
(11, 1),
(12, 1),
(13, 1),
(14, 1),
(15, 1),
(16, 1);

-- --------------------------------------------------------

--
-- Table structure for table `sessions`
--

CREATE TABLE `sessions` (
  `id` varchar(255) NOT NULL,
  `user_id` bigint(20) UNSIGNED DEFAULT NULL,
  `ip_address` varchar(45) DEFAULT NULL,
  `user_agent` text DEFAULT NULL,
  `payload` longtext NOT NULL,
  `last_activity` int(11) NOT NULL
) ENGINE=InnoDB DEFAULT CHARSET=utf8mb4 COLLATE=utf8mb4_unicode_ci;

-- --------------------------------------------------------

--
-- Table structure for table `users`
--

CREATE TABLE `users` (
  `id` bigint(20) UNSIGNED NOT NULL,
  `name` varchar(255) NOT NULL,
  `email` varchar(255) NOT NULL,
  `email_verified_at` timestamp NULL DEFAULT NULL,
  `password` varchar(255) NOT NULL,
  `phone` varchar(255) DEFAULT NULL,
  `is_blocked` tinyint(1) NOT NULL DEFAULT 0,
  `avatar` varchar(255) DEFAULT NULL,
  `remember_token` varchar(100) DEFAULT NULL,
  `created_at` timestamp NULL DEFAULT NULL,
  `updated_at` timestamp NULL DEFAULT NULL
) ENGINE=InnoDB DEFAULT CHARSET=utf8mb4 COLLATE=utf8mb4_unicode_ci;

--
-- Dumping data for table `users`
--

INSERT INTO `users` (`id`, `name`, `email`, `email_verified_at`, `password`, `phone`, `is_blocked`, `avatar`, `remember_token`, `created_at`, `updated_at`) VALUES
(1, 'zahra', 'zahra@gmail.com', NULL, '$2y$12$i7yHdvEMbRipYsBqemzIdu8Hksa61e9s.0DA01mvFQd4fHr1oZWVO', '0123456789', 0, NULL, NULL, '2025-01-07 14:48:28', '2025-01-07 14:48:28'),
(2, 'amin', 'amin@gmail.com', NULL, '$2y$12$XnKJigA9tMRX71IDbPliMukNLhzSKER8QmgGzIIF7C9dYLdIbOrOW', '0123456789', 0, NULL, NULL, '2025-01-07 14:48:28', '2025-01-07 14:48:28'),
(3, 'Test User', 'test@example.com', '2025-01-07 14:48:32', '$2y$12$Spphwr709fZLx0lF7z6PHOcO/wgwIZigiuauO/g57JcjFjbZtD8ui', NULL, 0, NULL, 'aFuOqU5cUG', '2025-01-07 14:48:32', '2025-01-07 14:48:32'),
(4, 'saeideh khanramaki', 'khanramaki@gmail.com', NULL, '$2y$12$xc8OIqznDiu1UOTCHk.aYu5pKnaSnTJb5yTg8X0DQtyXtaak51Hgm', '09110000000', 1, NULL, NULL, '2025-01-08 08:34:12', '2025-01-08 08:34:12');

--
-- Indexes for dumped tables
--

--
-- Indexes for table `cache`
--
ALTER TABLE `cache`
  ADD PRIMARY KEY (`key`);

--
-- Indexes for table `cache_locks`
--
ALTER TABLE `cache_locks`
  ADD PRIMARY KEY (`key`);

--
-- Indexes for table `cities`
--
ALTER TABLE `cities`
  ADD PRIMARY KEY (`id`),
  ADD KEY `province_id` (`province_id`);

--
-- Indexes for table `failed_jobs`
--
ALTER TABLE `failed_jobs`
  ADD PRIMARY KEY (`id`),
  ADD UNIQUE KEY `failed_jobs_uuid_unique` (`uuid`);

--
-- Indexes for table `jobs`
--
ALTER TABLE `jobs`
  ADD PRIMARY KEY (`id`),
  ADD KEY `jobs_queue_index` (`queue`);

--
-- Indexes for table `job_batches`
--
ALTER TABLE `job_batches`
  ADD PRIMARY KEY (`id`);

--
-- Indexes for table `migrations`
--
ALTER TABLE `migrations`
  ADD PRIMARY KEY (`id`);

--
-- Indexes for table `model_has_permissions`
--
ALTER TABLE `model_has_permissions`
  ADD PRIMARY KEY (`permission_id`,`model_id`,`model_type`),
  ADD KEY `model_has_permissions_model_id_model_type_index` (`model_id`,`model_type`);

--
-- Indexes for table `model_has_roles`
--
ALTER TABLE `model_has_roles`
  ADD PRIMARY KEY (`role_id`,`model_id`,`model_type`),
  ADD KEY `model_has_roles_model_id_model_type_index` (`model_id`,`model_type`);

--
-- Indexes for table `otp_codes`
--
ALTER TABLE `otp_codes`
  ADD PRIMARY KEY (`id`);

--
-- Indexes for table `password_reset_tokens`
--
ALTER TABLE `password_reset_tokens`
  ADD PRIMARY KEY (`email`);

--
-- Indexes for table `permissions`
--
ALTER TABLE `permissions`
  ADD PRIMARY KEY (`id`),
  ADD UNIQUE KEY `permissions_name_guard_name_unique` (`name`,`guard_name`);

--
-- Indexes for table `personal_access_tokens`
--
ALTER TABLE `personal_access_tokens`
  ADD PRIMARY KEY (`id`),
  ADD UNIQUE KEY `personal_access_tokens_token_unique` (`token`),
  ADD KEY `personal_access_tokens_tokenable_type_tokenable_id_index` (`tokenable_type`,`tokenable_id`);

--
-- Indexes for table `provinces`
--
ALTER TABLE `provinces`
  ADD PRIMARY KEY (`id`);

--
-- Indexes for table `roles`
--
ALTER TABLE `roles`
  ADD PRIMARY KEY (`id`),
  ADD UNIQUE KEY `roles_name_guard_name_unique` (`name`,`guard_name`);

--
-- Indexes for table `role_has_permissions`
--
ALTER TABLE `role_has_permissions`
  ADD PRIMARY KEY (`permission_id`,`role_id`),
  ADD KEY `role_has_permissions_role_id_foreign` (`role_id`);

--
-- Indexes for table `sessions`
--
ALTER TABLE `sessions`
  ADD PRIMARY KEY (`id`),
  ADD KEY `sessions_user_id_index` (`user_id`),
  ADD KEY `sessions_last_activity_index` (`last_activity`);

--
-- Indexes for table `users`
--
ALTER TABLE `users`
  ADD PRIMARY KEY (`id`),
  ADD UNIQUE KEY `users_email_unique` (`email`);

--
-- AUTO_INCREMENT for dumped tables
--

--
-- AUTO_INCREMENT for table `cities`
--
ALTER TABLE `cities`
  MODIFY `id` int(11) NOT NULL AUTO_INCREMENT, AUTO_INCREMENT=1555;

--
-- AUTO_INCREMENT for table `failed_jobs`
--
ALTER TABLE `failed_jobs`
  MODIFY `id` bigint(20) UNSIGNED NOT NULL AUTO_INCREMENT;

--
-- AUTO_INCREMENT for table `jobs`
--
ALTER TABLE `jobs`
  MODIFY `id` bigint(20) UNSIGNED NOT NULL AUTO_INCREMENT;

--
-- AUTO_INCREMENT for table `migrations`
--
ALTER TABLE `migrations`
  MODIFY `id` int(10) UNSIGNED NOT NULL AUTO_INCREMENT, AUTO_INCREMENT=7;

--
-- AUTO_INCREMENT for table `otp_codes`
--
ALTER TABLE `otp_codes`
  MODIFY `id` bigint(20) UNSIGNED NOT NULL AUTO_INCREMENT;

--
-- AUTO_INCREMENT for table `permissions`
--
ALTER TABLE `permissions`
  MODIFY `id` bigint(20) UNSIGNED NOT NULL AUTO_INCREMENT, AUTO_INCREMENT=17;

--
-- AUTO_INCREMENT for table `personal_access_tokens`
--
ALTER TABLE `personal_access_tokens`
  MODIFY `id` bigint(20) UNSIGNED NOT NULL AUTO_INCREMENT, AUTO_INCREMENT=4;

--
-- AUTO_INCREMENT for table `provinces`
--
ALTER TABLE `provinces`
  MODIFY `id` int(11) NOT NULL AUTO_INCREMENT, AUTO_INCREMENT=32;

--
-- AUTO_INCREMENT for table `roles`
--
ALTER TABLE `roles`
  MODIFY `id` bigint(20) UNSIGNED NOT NULL AUTO_INCREMENT, AUTO_INCREMENT=3;

--
-- AUTO_INCREMENT for table `users`
--
ALTER TABLE `users`
  MODIFY `id` bigint(20) UNSIGNED NOT NULL AUTO_INCREMENT, AUTO_INCREMENT=5;

--
-- Constraints for dumped tables
--

--
-- Constraints for table `cities`
--
ALTER TABLE `cities`
  ADD CONSTRAINT `cities_ibfk_1` FOREIGN KEY (`province_id`) REFERENCES `provinces` (`id`);

--
-- Constraints for table `model_has_permissions`
--
ALTER TABLE `model_has_permissions`
  ADD CONSTRAINT `model_has_permissions_permission_id_foreign` FOREIGN KEY (`permission_id`) REFERENCES `permissions` (`id`) ON DELETE CASCADE;

--
-- Constraints for table `model_has_roles`
--
ALTER TABLE `model_has_roles`
  ADD CONSTRAINT `model_has_roles_role_id_foreign` FOREIGN KEY (`role_id`) REFERENCES `roles` (`id`) ON DELETE CASCADE;

--
-- Constraints for table `role_has_permissions`
--
ALTER TABLE `role_has_permissions`
  ADD CONSTRAINT `role_has_permissions_permission_id_foreign` FOREIGN KEY (`permission_id`) REFERENCES `permissions` (`id`) ON DELETE CASCADE,
  ADD CONSTRAINT `role_has_permissions_role_id_foreign` FOREIGN KEY (`role_id`) REFERENCES `roles` (`id`) ON DELETE CASCADE;
COMMIT;

/*!40101 SET CHARACTER_SET_CLIENT=@OLD_CHARACTER_SET_CLIENT */;
/*!40101 SET CHARACTER_SET_RESULTS=@OLD_CHARACTER_SET_RESULTS */;
/*!40101 SET COLLATION_CONNECTION=@OLD_COLLATION_CONNECTION */;
